trader1,trader2,market_maker
0.2904130220413208,0.29435455799102783,-0.008901990950107574
0.3002832531929016,0.2979928255081177,-0.011355604976415634
0.29949283599853516,0.29396381974220276,-0.016569532454013824
0.3349470794200897,0.32930052280426025,-0.010128796100616455
0.35315054655075073,0.3318203091621399,-0.011662304401397705
0.32345864176750183,0.3040686845779419,0.019007857888936996
0.3284878730773926,0.31230026483535767,0.023608382791280746
0.32417944073677063,0.31471896171569824,0.018087754026055336
0.2966855764389038,0.290696918964386,0.028208907693624496
0.30020952224731445,0.2919365465641022,0.025141892954707146
0.2808048725128174,0.2857346534729004,0.030049115419387817
0.2984751760959625,0.30226337909698486,0.019621262326836586
0.2672201991081238,0.29524800181388855,0.017781050875782967
0.3078880310058594,0.29696589708328247,-0.005834975279867649
0.2961159944534302,0.2990221381187439,0.007966600358486176
0.29928064346313477,0.30282989144325256,0.0018325663404539227
0.31297922134399414,0.29951128363609314,-0.0033813605550676584
0.3198530673980713,0.31477659940719604,-0.014115920290350914
0.2965221405029297,0.288845419883728,-0.007368483580648899
0.3122084140777588,0.3064093589782715,-0.018716443330049515
0.3150554597377777,0.31717509031295776,-0.021476758643984795
0.3014374375343323,0.3023797273635864,-0.023930370807647705
0.3013424873352051,0.30994755029678345,-0.021170057356357574
0.32448846101760864,0.33258795738220215,-0.027610789984464645
0.30773013830184937,0.30157434940338135,-0.018409743905067444
0.30225223302841187,0.30484724044799805,-0.023010266944766045
0.30861547589302063,0.31403568387031555,-0.016262831166386604
0.3117138743400574,0.29556113481521606,-0.008901990950107574
0.3119833171367645,0.3040338158607483,0.000605760607868433
0.307025671005249,0.304374635219574,-0.0006210464052855968
0.3152157962322235,0.31700432300567627,-0.005528273060917854
0.3241408169269562,0.31868064403533936,0.0030593720730394125
0.326660692691803,0.3331559896469116,-0.015956129878759384
0.32941943407058716,0.3328968286514282,-0.017182935029268265
0.3338674306869507,0.33833199739456177,-0.013195814564824104
0.32303398847579956,0.3305564522743225,-0.013502515852451324
0.33260393142700195,0.3320072889328003,-0.019943250343203545
0.33933770656585693,0.32996100187301636,-0.01534272637218237
0.3247024118900299,0.3388780355453491,-0.00828858744353056
0.31898072361946106,0.31780490279197693,0.0067397914826869965
0.3018466532230377,0.3045823872089386,0.012873824685811996
0.3173351287841797,0.3217069208621979,0.008273300714790821
0.3093515634536743,0.3299795985221863,-0.004608167335391045
0.33945077657699585,0.3420439660549164,-0.018716443330049515
0.326924592256546,0.33571213483810425,-0.019329847767949104
0.33796295523643494,0.3514084815979004,-0.027610791847109795
0.3518184423446655,0.3317221999168396,-0.024543773382902145
0.3469071090221405,0.3548469841480255,-0.029450999572873116
0.3557133674621582,0.3461170196533203,-0.023930370807647705
0.34022223949432373,0.3484583795070648,-0.024850476533174515
0.3237104117870331,0.3412838578224182,-0.01227570977061987
0.317868173122406,0.3380085527896881,-0.019329845905303955
0.313815712928772,0.33175939321517944,0.005512985400855541
0.3050076961517334,0.3313889503479004,0.016860947012901306
0.34040307998657227,0.3614247143268585,0.0033660740591585636
0.32773423194885254,0.3390823006629944,0.015020737424492836
0.3157210350036621,0.31604182720184326,0.021154770627617836
0.3170402944087982,0.3070214092731476,0.030049117282032967
0.31678324937820435,0.29642874002456665,0.029129013419151306
0.3377460241317749,0.3209083676338196,0.019007857888936996
0.3441564440727234,0.32031649351119995,-0.015036024153232574
0.3452303409576416,0.3478497862815857,-0.015036024153232574
0.3626026511192322,0.34303101897239685,-0.024237073957920074
0.36742252111434937,0.36748573184013367,-0.030984507873654366
0.35853761434555054,0.35728973150253296,-0.030064404010772705
0.3361309766769409,0.3361424207687378,-0.026997385546565056
0.34595900774002075,0.3569703996181488,-0.035891734063625336
0.37593764066696167,0.3828173875808716,-0.027304088696837425
0.35688716173171997,0.37071943283081055,-0.023930370807647705
0.3382984697818756,0.3550211191177368,-0.008595289662480354
0.3484901189804077,0.3599671721458435,-0.0006210466381162405
0.33505919575691223,0.3517218828201294,0.019007859751582146
0.33135396242141724,0.3420349359512329,0.030662521719932556
0.3217405378818512,0.35141026973724365,0.04415739327669144
0.32581400871276855,0.32145363092422485,0.045997604727745056
0.32045984268188477,0.32957133650779724,0.04078367352485657
0.3246385157108307,0.34725695848464966,0.031275924295186996
0.3276416063308716,0.3251631557941437,0.013180525973439217
0.3468966782093048,0.3438587784767151,0.0012191631831228733
0.3385457992553711,0.3595389425754547,-0.005528273060917854
0.35757505893707275,0.37715595960617065,-0.019943252205848694
0.35413920879364014,0.3660389482975006,-0.016876233741641045
0.34855976700782776,0.3443302810192108,-0.021783459931612015
0.3512192368507385,0.34251517057418823,-0.024237073957920074
0.3715027868747711,0.35153928399086,-0.022703565657138824
0.35322055220603943,0.34718775749206543,-0.014729322865605354
0.3644760847091675,0.3626655340194702,-0.011048901826143265
0.33497855067253113,0.3213135004043579,0.015327438712120056
0.3513858914375305,0.3570769429206848,0.007046493235975504
0.336703360080719,0.3532056212425232,0.017474349588155746
0.3373599648475647,0.3398551344871521,0.019621260464191437
0.3195594549179077,0.33403050899505615,0.03587644547224045
0.30862343311309814,0.30997103452682495,0.04691770672798157
0.3380431532859802,0.3482753336429596,0.033729538321495056
0.3259623050689697,0.33779579401016235,0.04078367352485657
0.32168978452682495,0.3085263967514038,0.05703886225819588
0.3259604871273041,0.34437716007232666,0.036796554923057556
0.34911444783210754,0.33051273226737976,0.021768173202872276
0.3355638384819031,0.3364296555519104,0.024221785366535187
0.32766029238700867,0.3331944942474365,0.017167648300528526
0.3287199139595032,0.3473242521286011,0.005206284113228321
0.335199236869812,0.3750617504119873,-0.002767958678305149
0.35482269525527954,0.36830902099609375,-0.00767518300563097
0.38476473093032837,0.3798534870147705,-0.018103040754795074
0.3696598410606384,0.3836391270160675,-0.024543775245547295
0.3887042999267578,0.40748080611228943,-0.026077283546328545
0.3740215003490448,0.3872588574886322,-0.022090163081884384
0.37442219257354736,0.38216185569763184,-0.028837596997618675
0.36973845958709717,0.3972124457359314,-0.024543773382902145
0.4039773643016815,0.4193401038646698,-0.024543773382902145
0.3706285059452057,0.3942297101020813,-0.025463879108428955
0.37004896998405457,0.370124489068985,-0.01472932193428278
0.35909730195999146,0.37562307715415955,-0.018409742042422295
0.36541634798049927,0.39438295364379883,-0.010128796100616455
0.35881227254867554,0.3781513571739197,-0.0015411506174132228
0.3527759313583374,0.38090646266937256,0.0076598962768912315
0.31608885526657104,0.34389728307724,0.01532743964344263
0.32969599962234497,0.346132755279541,0.028208907693624496
0.31590762734413147,0.3623224198818207,0.026061994954943657
0.31637364625930786,0.3346068859100342,0.026061996817588806
0.32322871685028076,0.33112815022468567,0.022381575778126717
0.3508339524269104,0.3338492810726166,0.0027526712510734797
0.3434167504310608,0.3521624207496643,-0.01350251492112875
0.32279473543167114,0.35570964217185974,-0.020863354206085205
0.3436421751976013,0.3512950539588928,-0.009822096675634384
0.3421056866645813,0.35256004333496094,-0.025770582258701324
0.34271880984306335,0.34481844305992126,-0.020863354206085205
0.3626004457473755,0.3547390401363373,-0.015956129878759384
0.36088114976882935,0.3606724441051483,-0.019023146480321884
0.3510510325431824,0.35554513335227966,-0.021170055493712425
0.3387855887413025,0.3567183315753937,-0.013809219002723694
0.35591498017311096,0.3833017349243164,-0.008901991881430149
0.3579728901386261,0.351901650428772,-0.015342725440859795
0.36622950434684753,0.37750232219696045,-0.0036880639381706715
0.3651599884033203,0.3684663772583008,-7.642898708581924e-06
0.33861660957336426,0.3181571960449219,0.0009124598000198603
0.344844788312912,0.36333298683166504,0.0036727762781083584
0.35828572511672974,0.34069743752479553,0.014714036136865616
0.3702796697616577,0.35633936524391174,0.005512986332178116
0.3506394326686859,0.3456389605998993,0.007353195920586586
0.36917147040367126,0.36213451623916626,-0.0055282749235630035
0.363309383392334,0.3695615828037262,-0.007675184868276119
0.3783767521381378,0.38181525468826294,-0.016569532454013824
0.37326425313949585,0.37787705659866333,-0.012582410126924515
0.3726694583892822,0.3772903382778168,-0.017489636316895485
0.3637676239013672,0.3627431392669678,-0.026077281683683395
0.38947218656539917,0.4023827910423279,-0.020863354206085205
0.37846922874450684,0.3973556160926819,-0.029144300147891045
0.35730403661727905,0.35958921909332275,-0.023623667657375336
0.38679128885269165,0.39355289936065674,-0.018409742042422295
0.3645904064178467,0.36992424726486206,-0.015956129878759384
0.3450244069099426,0.35877561569213867,-0.005528273992240429
0.35169559717178345,0.35193026065826416,0.010726913809776306
0.3327992558479309,0.36807045340538025,0.020848069339990616
0.31436067819595337,0.3482385575771332,0.047531113028526306
0.3293818533420563,0.3457376956939697,0.045997604727745056
0.3103245496749878,0.3405815362930298,0.06716001033782959
0.3039974570274353,0.33073997497558594,0.05243833735585213
0.3229774236679077,0.3501570224761963,0.0772811770439148
0.3245183229446411,0.33108577132225037,0.0720672458410263
0.3424622416496277,0.323223352432251,0.06746672093868256
0.33927008509635925,0.34178775548934937,0.05305173993110657
0.3489684462547302,0.37459707260131836,0.023608382791280746
0.37331125140190125,0.35376572608947754,0.024835189804434776
0.3794848918914795,0.3710419833660126,0.0045928796753287315
0.3725700080394745,0.356547474861145,-0.006755080074071884
0.3876100778579712,0.3738752007484436,-0.019329847767949104
0.3920712471008301,0.3701213598251343,-0.017489638179540634
0.3665671646595001,0.3784260153770447,-0.023316966369748116
0.3938748836517334,0.3799917995929718,-0.020556652918457985
0.35493138432502747,0.3738669753074646,-0.01074220146983862
0.38384413719177246,0.37435007095336914,-0.010128797963261604
0.3814539611339569,0.340997576713562,0.0006057590944692492
0.38097137212753296,0.35706597566604614,-0.021476758643984795
0.40098997950553894,0.35091596841812134,-0.016876233741641045
0.39486145973205566,0.36741405725479126,-0.021170057356357574
0.3864791989326477,0.36219528317451477,-0.024543773382902145
0.3736306428909302,0.3677440583705902,-0.030677806586027145
0.39212262630462646,0.38943687081336975,-0.033744823187589645
0.3944924473762512,0.3951341509819031,-0.034664928913116455
0.3847777247428894,0.38565966486930847,-0.036505136638879776
0.37592068314552307,0.3931153118610382,-0.030677808448672295
0.39533984661102295,0.4000595808029175,-0.031904615461826324
0.39836686849594116,0.40137141942977905,-0.030064404010772705
0.3863215446472168,0.3825552761554718,-0.025463880971074104
0.3859896659851074,0.3913269340991974,-0.028530895709991455
0.3794931173324585,0.39778751134872437,-0.025463879108428955
0.3783610761165619,0.3939356803894043,-0.011662306264042854
0.3673308491706848,0.39240026473999023,-0.019636547192931175
0.3960368037223816,0.402019739151001,-0.019636549055576324
0.38046252727508545,0.3669586777687073,-0.012582411989569664
0.3747482895851135,0.38322365283966064,-0.015649426728487015
0.3747285008430481,0.3525921404361725,-0.005221571773290634
0.3784148097038269,0.3525845408439636,-0.015342725440859795
0.39279675483703613,0.38976842164993286,-0.019943250343203545
0.3889652192592621,0.3694427013397217,-0.018409742042422295
0.3999258577823639,0.3742603063583374,-0.018409740179777145
0.4134996235370636,0.389875590801239,-0.012582410126924515
0.39033910632133484,0.37918978929519653,-0.019636549055576324
0.3931782841682434,0.4083690047264099,-0.021170055493712425
0.4021076560020447,0.3824266195297241,-0.023316968232393265
0.42049726843833923,0.3860880136489868,-0.022090159356594086
0.38061612844467163,0.37726911902427673,-0.017796337604522705
0.39926135540008545,0.3896223306655884,-0.018409740179777145
0.3727129399776459,0.38981056213378906,-0.011662306264042854
0.3740902543067932,0.38301730155944824,-0.0058349734172225
0.37739259004592896,0.38020050525665283,0.009193405508995056
0.35599908232688904,0.3514167070388794,0.015634139999747276
0.3288198709487915,0.3571920692920685,0.03403623774647713
0.36158353090286255,0.35772162675857544,0.023915085941553116
0.3440728485584259,0.36687755584716797,0.04814451187849045
0.350374698638916,0.34957465529441833,0.030049115419387817
0.3232034742832184,0.3252166509628296,0.0435439869761467
0.3468376696109772,0.3609250783920288,0.0404769703745842
0.3341640830039978,0.35312581062316895,0.04875791817903519
0.3647692799568176,0.3555242419242859,0.04415739327669144
0.3582712411880493,0.3652224540710449,0.032809432595968246
0.3722273111343384,0.4027615189552307,0.007659899070858955
0.401228129863739,0.393032968044281,-0.01380921807140112
0.38628602027893066,0.3845237195491791,-0.007981887087225914
0.38962164521217346,0.3838270306587219,-0.023316968232393265
0.4011901617050171,0.38743066787719727,-0.022396862506866455
0.41125941276550293,0.40845417976379395,-0.030984507873654366
0.41097313165664673,0.4055063724517822,-0.031597912311553955
0.4410555362701416,0.4254487156867981,-0.031904611736536026
0.40593522787094116,0.41109341382980347,-0.033744823187589645
0.4198475480079651,0.39928489923477173,-0.034971632063388824
0.4379412531852722,0.41137680411338806,-0.034971632063388824
0.4175587296485901,0.3906501233577728,-0.033438123762607574
0.4040793478488922,0.3972507417201996,-0.033438123762607574
0.4226070046424866,0.40977364778518677,-0.031904615461826324
0.4165002405643463,0.39017319679260254,-0.028837595134973526
0.4230194389820099,0.39506977796554565,-0.031597912311553955
0.4305538237094879,0.3893122673034668,-0.021783459931612015
0.40316078066825867,0.38357874751091003,-0.025770580396056175
0.40298447012901306,0.3929671347141266,-0.021783459931612015
0.41286665201187134,0.39244282245635986,-0.023316968232393265
0.4096474051475525,0.3901190757751465,-0.016876233741641045
0.38977205753326416,0.3710472583770752,-0.001234447699971497
0.3950135409832001,0.36150264739990234,-0.01135560404509306
0.38902515172958374,0.37510377168655396,0.002445970196276903
0.39001014828681946,0.38425305485725403,0.004899581894278526
0.40424829721450806,0.3798956274986267,0.013487229123711586
0.3620198965072632,0.33841997385025024,0.035263046622276306
0.35417336225509644,0.32969969511032104,0.04385069012641907
0.34146636724472046,0.3405289947986603,0.0466110035777092
0.3403815031051636,0.34248918294906616,0.04293058440089226
0.3561301827430725,0.33321765065193176,0.024835187941789627
0.3786177635192871,0.35736167430877686,0.0021392686758190393
0.3782273828983307,0.38075459003448486,0.0018325671553611755
0.39184606075286865,0.3736879825592041,0.004286179784685373
0.3651435971260071,0.3723617196083069,-0.0009277492063120008
0.38801005482673645,0.38866886496543884,-0.002154554007574916
0.3765062689781189,0.37120968103408813,-0.006755081005394459
0.39993467926979065,0.3906577527523041,-0.009515393525362015
0.38275983929634094,0.3860292434692383,-0.01442262064665556
0.3789514899253845,0.3993030786514282,-0.011969007551670074
0.3751836121082306,0.37130141258239746,-0.020863354206085205
0.3481326103210449,0.3622640073299408,-0.011355603113770485
0.3808668255805969,0.36225876212120056,-0.01258241105824709
0.36799126863479614,0.3611399829387665,0.00029905803967267275
0.36952564120292664,0.3678463101387024,-0.010435499250888824
0.35484248399734497,0.3466039299964905,-0.0058349734172225
0.3659608066082001,0.3476928770542145,-0.003381362184882164
0.3495069146156311,0.35917776823043823,-0.0058349743485450745
0.35398587584495544,0.3472859859466553,-0.0052215708419680595
0.36840471625328064,0.3557892441749573,0.001219162018969655
0.34403759241104126,0.3573506772518158,0.012260422110557556
0.37553179264068604,0.3860042095184326,0.007353195920586586
0.3973444700241089,0.3738025426864624,0.005819686688482761
0.39264145493507385,0.3911243677139282,0.0070464941672980785
0.38314902782440186,0.37655314803123474,0.004286180250346661
0.4021416902542114,0.4057369828224182,-0.011048901826143265
0.4242720603942871,0.4097592234611511,-0.008288586512207985
0.39819347858428955,0.4075680375099182,-0.01012879703193903
0.40343761444091797,0.39229366183280945,-0.020249951630830765
0.3974221646785736,0.4001750648021698,-0.026077281683683395
0.41593697667121887,0.41918373107910156,-0.025770578533411026
0.4184200167655945,0.44152259826660156,-0.033438120037317276
0.44250357151031494,0.4219074249267578,-0.034664928913116455
0.4135993719100952,0.40952199697494507,-0.031904615461826324
0.4154913127422333,0.43049120903015137,-0.028530895709991455
0.43340498208999634,0.4366767406463623,-0.023010265082120895
0.4312271177768707,0.4290205240249634,-0.028837595134973526
0.4418826699256897,0.45038145780563354,-0.020863356068730354
0.4015763998031616,0.41743239760398865,-0.026383984833955765
0.41904497146606445,0.45293158292770386,-0.027917493134737015
0.4209895431995392,0.45417866110801697,-0.027304086834192276
0.410409152507782,0.4448345899581909,-0.029144298285245895
0.4015865921974182,0.4442666172981262,-0.022396862506866455
0.4332262873649597,0.46156322956085205,-0.024850476533174515
0.42782482504844666,0.46552878618240356,-0.026997385546565056
0.426690936088562,0.44574642181396484,-0.024543773382902145
0.37770938873291016,0.45172739028930664,-0.018716443330049515
0.3750491738319397,0.4384126663208008,-0.012889113277196884
0.395476758480072,0.4642266631126404,-0.01350251492112875
0.37125250697135925,0.4396563172340393,-0.008288586512207985
0.39619022607803345,0.45989543199539185,-0.016876233741641045
0.406701922416687,0.444555401802063,-0.019329849630594254
0.40876951813697815,0.4597221612930298,-0.01012879703193903
